,date,daily_return
0,2015-01-05,0.0
1,2015-01-06,-0.007883751546415258
2,2015-01-07,0.01518420450604066
3,2015-01-08,0.01775237433450007
4,2015-01-09,-0.008711453349094561
5,2015-01-12,-0.008065592468793062
6,2015-01-13,-0.0008090176601080025
7,2015-01-14,-0.010469083121782942
8,2015-01-15,-0.011705818216380809
9,2015-01-16,0.0037927278035454863
10,2015-01-20,-0.0034273032116809775
11,2015-01-21,0.002511944741112472
12,2015-01-22,0.02049479980920939
13,2015-01-23,-0.0027713974200941722
14,2015-01-26,0.00013329296240747383
15,2015-01-27,-0.025321611161429607
16,2015-01-28,-0.0021567738221145607
17,2015-01-29,0.015555978881480572
18,2015-01-30,-0.019469585150180387
19,2015-02-02,0.008876818754426613
20,2015-02-03,0.012609919743688186
21,2015-02-04,-0.00300017098163468
22,2015-02-05,0.008898954202733601
23,2015-02-06,-0.003667698728160731
24,2015-02-09,-0.004360849876718282
25,2015-02-10,0.010327897766948018
26,2015-02-11,0.0026609358032331255
27,2015-02-12,0.0037368306753870527
28,2015-02-13,0.004912247001752809
29,2015-02-17,0.0031867203583156294
30,2015-02-18,0.002534266402181621
31,2015-02-19,0.0016869161092078794
32,2015-02-20,0.007802486305466196
33,2015-02-23,0.0036903167874117373
34,2015-02-24,0.002531284826077239
35,2015-02-25,-0.0015388688760596665
36,2015-02-26,0.00673599421076727
37,2015-02-27,-0.0062232326885776346
38,2015-03-02,0.00692360332386053
39,2015-03-03,-0.004755485518556072
40,2015-03-04,-0.005279964616324175
41,2015-03-05,0.0009341159246763955
42,2015-03-06,-0.010857693679366683
43,2015-03-09,0.005155634673470045
44,2015-03-10,-0.01462185487986502
45,2015-03-11,-0.005859600201618276
46,2015-03-12,0.011300334694745917
47,2015-03-13,-0.0037975944460509167
48,2015-03-16,0.009489651969811384
49,2015-03-17,-0.00020289154548253538
50,2015-03-18,0.010888075909760512
51,2015-03-19,-0.0022911414889554495
52,2015-03-20,0.010433552817141815
53,2015-03-23,0.0014156903114266436
54,2015-03-24,-0.004120395841393046
55,2015-03-25,-0.019425229427638076
56,2015-03-26,0.00043030602292477773
57,2015-03-27,9.544730879896879e-05
58,2015-03-30,0.010785862082988944
59,2015-03-31,-0.009145155664692562
60,2015-04-01,0.0005160257274635509
61,2015-04-02,0.000356392427437966
62,2015-04-06,0.006684710592629251
63,2015-04-07,0.0004178575924744469
64,2015-04-08,0.0017101144577908124
65,2015-04-09,0.005501435545708568
66,2015-04-10,0.0019380188497984837
67,2015-04-13,-0.003939257980190136
68,2015-04-14,0.0013165260354169328
69,2015-04-15,0.006537998336367773
70,2015-04-16,-0.0029584728679830966
71,2015-04-17,-0.009109662780469787
72,2015-04-20,0.012487351369062438
73,2015-04-21,-0.0018594484136381494
74,2015-04-22,0.004464719492957601
75,2015-04-23,0.005308776322276236
76,2015-04-24,0.015083772042967675
77,2015-04-27,0.0009316657285693141
78,2015-04-28,0.000256474735993324
79,2015-04-29,-0.0014266731479133006
80,2015-04-30,-0.011962943363068954
81,2015-05-01,0.010973938509392381
82,2015-05-04,0.0006675463283851175
83,2015-05-05,-0.009242648325290464
84,2015-05-06,-0.006568539277924216
85,2015-05-07,0.006662443196115212
86,2015-05-08,0.014096851220656752
87,2015-05-11,-0.00244246834777431
88,2015-05-12,-0.0032672482055281053
89,2015-05-13,0.0017590772408221133
90,2015-05-14,0.012909854535360591
91,2015-05-15,0.001930062906141972
92,2015-05-18,0.0038972435150943807
93,2015-05-19,0.0005791480442592713
94,2015-05-20,-0.000789519258080214
95,2015-05-21,0.0003286648071603534
96,2015-05-22,0.000958936122910165
97,2015-05-26,-0.009239703695648877
98,2015-05-27,0.008015831603477921
99,2015-05-28,-0.0012054420477201097
100,2015-05-29,-0.008475962320768632
101,2015-06-01,0.0028284153372523375
102,2015-06-02,-0.0022137627490971036
103,2015-06-03,0.002579774177307293
104,2015-06-04,-0.004525169856966674
105,2015-06-05,-0.001211049137596895
106,2015-06-08,-0.005145624573587657
107,2015-06-09,-0.0008968986354337685
108,2015-06-10,0.01320569124096952
109,2015-06-11,0.0016049630920880514
110,2015-06-12,-0.005619406369897529
111,2015-06-15,-0.00539925377844962
112,2015-06-16,0.00751721846549551
113,2015-06-17,0.0006520106848143285
114,2015-06-18,0.009631395172742288
115,2015-06-19,-0.004759352715333396
116,2015-06-22,0.005531137863595939
117,2015-06-23,-0.00020287154179980104
118,2015-06-24,-0.004421197728644232
119,2015-06-25,-0.004238071959871013
120,2015-06-26,0.006939078918478803
121,2015-06-29,-0.016940181728221752
122,2015-06-30,0.001618437491624781
123,2015-07-01,0.007641160549757599
124,2015-07-02,-0.00019320951802978217
125,2015-07-06,-0.0019894167342634607
126,2015-07-07,0.0033152983778300497
127,2015-07-08,-0.012944497498699935
128,2015-07-09,-0.000252857050654869
129,2015-07-10,0.010461814635051145
130,2015-07-13,0.012996537506011076
131,2015-07-14,0.0012593499156809804
132,2015-07-15,0.0031861849834851066
133,2015-07-16,0.005634384478220705
134,2015-07-17,0.0019122458002913722
135,2015-07-20,0.004778206748232936
136,2015-07-21,-0.0014004786094808917
137,2015-07-22,-0.007463416205855851
138,2015-07-23,-0.0001831662746606627
139,2015-07-24,-0.008069613274101956
140,2015-07-27,-0.009419492047939699
141,2015-07-28,0.005933765523052475
142,2015-07-29,0.006569468686279628
143,2015-07-30,0.0016963230561956406
144,2015-07-31,-0.0025323928451056687
145,2015-08-03,-0.004314609743683292
146,2015-08-04,-0.0009914524063659393
147,2015-08-05,0.004638478992175072
148,2015-08-06,-0.0083051649320681
149,2015-08-07,-0.0018469570471374534
150,2015-08-10,0.012229548587425008
151,2015-08-11,-0.01631780507681057
152,2015-08-12,-0.00035440970112267167
153,2015-08-13,-6.809734821742832e-05
154,2015-08-14,0.004788652257428525
155,2015-08-17,0.006110414479597353
156,2015-08-18,-0.0024680693962763527
157,2015-08-19,-0.003618584928704643
158,2015-08-20,-0.01473014498554174
159,2015-08-21,-0.03813212398896158
160,2015-08-24,-0.02714054852286958
161,2015-08-25,-0.010173316890600918
162,2015-08-26,0.040839885565852246
163,2015-08-27,0.020846541743740375
164,2015-08-28,-0.0026425002846654695
165,2015-08-31,-0.004727015643725926
166,2015-09-01,-0.02683656577915922
167,2015-09-02,0.01930933016099627
168,2015-09-03,-0.0022798814592969304
169,2015-09-04,-0.013626446736906859
170,2015-09-08,0.0230542028403988
171,2015-09-09,-0.012302988357386703
172,2015-09-10,0.006087443328477421
173,2015-09-11,0.0050827173592241925
174,2015-09-14,-0.00026603046721292227
175,2015-09-15,0.013198654936242305
176,2015-09-16,0.005640485167317334
177,2015-09-17,-0.006005481232076171
178,2015-09-18,-0.011211264706625403
179,2015-09-21,0.008907319720067135
180,2015-09-22,-0.007671690343658227
181,2015-09-23,-0.00032933250248376493
182,2015-09-24,-0.003242334699100913
183,2015-09-25,0.016685769984129153
184,2015-09-28,-0.015428470601985711
185,2015-09-29,-0.006206811241677511
186,2015-09-30,0.011441240493277641
187,2015-10-01,0.0031930721435425966
188,2015-10-02,0.00853701555600176
189,2015-10-05,0.00750552086111158
190,2015-10-06,-0.003554214236474055
191,2015-10-07,0.0027950254194631196
192,2015-10-08,0.004060087986440414
193,2015-10-09,0.0013374296358386294
194,2015-10-12,0.0034201500981781755
195,2015-10-13,-0.001152745898680673
196,2015-10-14,-0.005866689166223802
197,2015-10-15,0.01868951586945614
198,2015-10-16,0.00518020104740137
199,2015-10-19,0.004943640455483277
200,2015-10-20,0.001950900087813141
201,2015-10-21,-0.007452091933825598
202,2015-10-22,0.012087710243198335
203,2015-10-23,0.02172670214807057
204,2015-10-26,0.0015723431312685554
205,2015-10-27,-0.0034686919876107335
206,2015-10-28,0.012711363232182048
207,2015-10-29,-0.0002003552686083448
208,2015-10-30,-0.00627374756716483
209,2015-11-02,0.007941492206768208
210,2015-11-03,0.0053092289150696945
211,2015-11-04,-0.000815829376660087
212,2015-11-05,0.002742673417178273
213,2015-11-06,0.0076204019220812245
214,2015-11-09,-0.008675279101600895
215,2015-11-10,-0.004939317496558692
216,2015-11-11,-0.0038808391505363166
217,2015-11-12,-0.01087335704808656
218,2015-11-13,-0.014409003341635139
219,2015-11-16,0.011828086615981085
220,2015-11-17,-0.003660168566880985
221,2015-11-18,0.016657916902325074
222,2015-11-19,0.001036530066878104
223,2015-11-20,0.010682919673341939
224,2015-11-23,-0.004084637320309989
225,2015-11-24,-6.0010891370561214e-05
226,2015-11-25,0.00016935735033598692
227,2015-11-27,0.0026120034554682104
228,2015-11-30,-0.0023906433354659615
229,2015-12-01,0.007810002033757012
230,2015-12-02,-0.0056148390103403995
231,2015-12-03,-0.01625766176566186
232,2015-12-04,0.022591131272344512
233,2015-12-07,-0.005295157941211268
234,2015-12-08,-0.00436880889245192
235,2015-12-09,-0.011288483069834843
236,2015-12-10,0.0037444592188746032
237,2015-12-11,-0.017079665845752698
238,2015-12-14,0.004513443647492625
239,2015-12-15,0.009285127231177803
240,2015-12-16,0.013332228900406166
241,2015-12-17,-0.011909078684210844
242,2015-12-18,-0.021098464009207514
243,2015-12-21,0.006842153396434046
244,2015-12-22,0.008856399786069096
245,2015-12-23,0.0028070317012051484
246,2015-12-24,-0.004320508738801844
247,2015-12-28,-0.0010272586796719737
248,2015-12-29,0.00891740466002897
249,2015-12-30,-0.007217546554022636
250,2015-12-31,-0.01084760299057925
251,2016-01-04,-0.012526790460251023
252,2016-01-05,-0.0027929987072706675
253,2016-01-06,-0.013143998912700725
254,2016-01-07,-0.022877680634314796
255,2016-01-08,-0.00470048954055234
256,2016-01-11,0.00449882861247408
257,2016-01-12,0.005828631235512436
258,2016-01-13,-0.019783557277711833
259,2016-01-14,0.013414759282863014
260,2016-01-15,-0.02269405239256576
261,2016-01-19,0.0028740760636167665
262,2016-01-20,-0.004917161766249297
263,2016-01-21,0.0004361690393010073
264,2016-01-22,0.021097406350695364
265,2016-01-25,-0.011895648989994819
266,2016-01-26,0.016465239407773606
267,2016-01-27,-0.015395127913056023
268,2016-01-28,0.01158797371139232
269,2016-01-29,0.02553441649093567
270,2016-02-01,-0.0014324786949808318
271,2016-02-02,-0.021107524951892203
272,2016-02-03,0.0033703689920986154
273,2016-02-04,0.00015486051229351365
274,2016-02-05,-0.022934230077302466
275,2016-02-08,-0.011714921992076808
276,2016-02-09,-8.336095390310607e-05
277,2016-02-10,0.0027596015184434665
278,2016-02-11,-0.013366452472131224
279,2016-02-12,0.011495502180035875
280,2016-02-16,0.015050518119450252
281,2016-02-17,0.009797943108451794
282,2016-02-18,-0.0029254636184081525
283,2016-02-19,0.0009757757292057641
284,2016-02-22,0.00965514248900401
285,2016-02-23,-0.013210089780638675
286,2016-02-24,0.0057123225568353605
287,2016-02-25,0.014727937254157688
288,2016-02-26,0.00041907668844776917
289,2016-02-29,-0.005149937927323744
290,2016-03-01,0.02554626950189692
291,2016-03-02,-0.001063889140166625
292,2016-03-03,-0.0016073489514133944
293,2016-03-04,0.00220121850928403
294,2016-03-07,-0.013015339209289392
295,2016-03-08,-0.0031883367735260552
296,2016-03-09,-0.002422323920698734
297,2016-03-10,0.001727849195648399
298,2016-03-11,0.01274602444143681
299,2016-03-14,0.0021747268627729643
300,2016-03-15,0.0043962598252923635
301,2016-03-16,0.0031572038807088877
302,2016-03-17,0.006640039061441087
303,2016-03-18,0.0027886108702874046
304,2016-03-21,0.005581703760287977
305,2016-03-22,0.0005276776112977008
306,2016-03-23,-0.008110067954887052
307,2016-03-24,-0.004206137931667223
308,2016-03-28,-0.002475044036925593
309,2016-03-29,0.009969506352292842
310,2016-03-30,0.006573048063739612
311,2016-03-31,-0.0028763980625257125
312,2016-04-01,0.007620139990137022
313,2016-04-04,-0.007484977128925776
314,2016-04-05,-0.0071126511507897386
315,2016-04-06,0.005504293242470555
316,2016-04-07,-0.011063597201068979
317,2016-04-08,-0.0028281527519047785
318,2016-04-11,-0.001533533548377275
319,2016-04-12,0.008637056926466146
320,2016-04-13,0.01467018922812369
321,2016-04-14,0.0011289984542165955
322,2016-04-15,-0.004201261111113276
323,2016-04-18,0.0012997294801304704
324,2016-04-19,0.006901807514468112
325,2016-04-20,0.004606559758404359
326,2016-04-21,-0.00162232925137667
327,2016-04-22,-0.012295649498658422
328,2016-04-25,-0.001914821904053835
329,2016-04-26,-0.002447310427518625
330,2016-04-27,-0.012363083205546927
331,2016-04-28,-0.012871441609603582
332,2016-04-29,-0.0017471531788475474
333,2016-05-02,0.007340561984656437
334,2016-05-03,-0.003411278236340088
335,2016-05-04,-0.006642103477528144
336,2016-05-05,-0.0021476838445740687
337,2016-05-06,0.00010880532595865166
338,2016-05-09,0.0001516019724942294
339,2016-05-10,0.011695017554931901
340,2016-05-11,-0.00981644391961847
341,2016-05-12,-0.0013952089895427691
342,2016-05-13,-0.007160387577730186
343,2016-05-16,0.008658550566645835
344,2016-05-17,-0.005419455959794716
345,2016-05-18,0.006016916196294052
346,2016-05-19,-0.007141503340699746
347,2016-05-20,0.0019528570696750592
348,2016-05-23,-0.0010028668691524887
349,2016-05-24,0.011818621831828512
350,2016-05-25,0.007797226716935819
351,2016-05-26,-0.003113867693083386
352,2016-05-27,0.0036761732725996035
353,2016-05-31,-0.00289124552643573
354,2016-06-01,-0.0025061821664671444
355,2016-06-02,-0.000117932699549574
356,2016-06-03,-0.008836966827718819
357,2016-06-06,0.008111152262240321
358,2016-06-07,-0.0043416269980336274
359,2016-06-08,0.0008018236880775567
360,2016-06-09,0.002051979559754104
361,2016-06-10,-0.005381889065113469
362,2016-06-13,-0.00825397397372892
363,2016-06-14,-0.005813669128194366
364,2016-06-15,-0.0015121075277464418
365,2016-06-16,0.001515883705965264
366,2016-06-17,-0.006684181412256589
367,2016-06-20,0.006190178445631115
368,2016-06-21,0.005929117603039126
369,2016-06-22,-0.0014398171405560825
370,2016-06-23,0.0095640415813474
371,2016-06-24,-0.031321197485213934
372,2016-06-27,-0.009028492448902468
373,2016-06-28,0.015936538476776785
374,2016-06-29,0.016521517453958925
375,2016-06-30,0.011517944779535497
376,2016-07-01,0.0012205749109992533
377,2016-07-05,-0.006523624990612309
378,2016-07-06,0.005404036115387513
379,2016-07-07,0.0029368270317769243
380,2016-07-08,0.011149515740062817
381,2016-07-11,0.003937905225062187
382,2016-07-12,0.011480537874799406
383,2016-07-13,0.0008163831910209033
384,2016-07-14,0.011293341143781508
385,2016-07-15,-0.003364732889615401
386,2016-07-18,0.004340747113316134
387,2016-07-19,-0.0018599180725054846
388,2016-07-20,0.008872311880961591
389,2016-07-21,-0.005655649893886722
390,2016-07-22,0.0001401719196066617
391,2016-07-25,-2.8790801848959417e-05
392,2016-07-26,-0.0027419217776932653
393,2016-07-27,0.00459429832881575
394,2016-07-28,-0.00021384146859565136
395,2016-07-29,0.0002899019500046125
396,2016-08-01,0.0013987425793570989
397,2016-08-02,-0.0071816154346529115
398,2016-08-03,0.0035005028746514224
399,2016-08-04,0.0016042640219205535
400,2016-08-05,0.01273763155702882
401,2016-08-08,0.0018246684187777015
402,2016-08-09,0.0005812090747343744
403,2016-08-10,-0.005293976410091721
404,2016-08-11,0.008768997344880815
405,2016-08-12,-0.0030405521332937243
406,2016-08-15,0.004461713715556013
407,2016-08-16,-0.0031100199495665702
408,2016-08-17,0.0015190929519891822
409,2016-08-18,0.0008968443857738327
410,2016-08-19,0.00739342570311726
411,2016-08-22,-0.0029197108251567197
412,2016-08-23,0.005218515733531914
413,2016-08-24,-0.0003218289023659963
414,2016-08-25,-0.003389106068783976
415,2016-08-26,-0.0014662819158931647
416,2016-08-29,0.0007975959700526281
417,2016-08-30,-0.0012767880323447387
418,2016-08-31,-0.0023655820730850464
419,2016-09-01,0.0036798602993615356
420,2016-09-02,0.0006911160926822605
421,2016-09-06,-0.00171687140484547
422,2016-09-07,0.002257434660508077
423,2016-09-08,-0.007831559246037336
424,2016-09-09,-0.0143581242599314
425,2016-09-12,0.01187632336977385
426,2016-09-13,-0.006776681900438984
427,2016-09-14,0.0031071327300513547
428,2016-09-15,0.011938162619474058
429,2016-09-16,-0.004679177534329858
430,2016-09-19,-0.003714692002144722
431,2016-09-20,0.00022751420897693794
432,2016-09-21,0.006150283148083282
433,2016-09-22,0.003783119273759509
434,2016-09-23,-0.008496616999239315
435,2016-09-26,-0.009648784542369431
436,2016-09-27,0.009698667029117463
437,2016-09-28,-0.0046054155439513075
438,2016-09-29,-0.016285820089803255
439,2016-09-30,0.0074657065467909735
440,2016-10-03,0.00011280006253963278
441,2016-10-04,0.00015201698093553778
442,2016-10-05,0.0072392289514445
443,2016-10-06,0.0011753658359771296
444,2016-10-07,0.0033252167965053805
445,2016-10-10,0.005454100189657068
446,2016-10-11,-0.007731809281830833
447,2016-10-12,0.004136787105336531
448,2016-10-13,-0.003937263977146181
449,2016-10-14,0.0028741107666261827
450,2016-10-17,-0.002773985226486488
451,2016-10-18,0.0002195299124793732
452,2016-10-19,0.002244722716287376
453,2016-10-20,0.00021528275387903815
454,2016-10-21,0.002151921289716495
455,2016-10-24,0.005476606830769317
456,2016-10-25,-0.00142887150760329
457,2016-10-26,0.002508395839306188
458,2016-10-27,-0.00011669452794064922
459,2016-10-28,-0.002143829698680537
460,2016-10-31,-0.004722891781766257
461,2016-11-01,-0.006237604765666735
462,2016-11-02,-0.0026745476760778293
463,2016-11-03,-0.0018812673412624845
464,2016-11-04,-0.001669469552956046
465,2016-11-07,0.01786538942254333
466,2016-11-08,0.0027775357323033554
467,2016-11-09,0.015457235961617669
468,2016-11-10,-0.004381642390266059
469,2016-11-11,0.003296500768932341
470,2016-11-14,-0.007169484745295385
471,2016-11-15,0.005837255239349804
472,2016-11-16,0.003658988041728146
473,2016-11-17,0.008593539797857928
474,2016-11-18,-0.0026461307215329714
475,2016-11-21,0.00393403200745027
476,2016-11-22,-0.0017801309958896015
477,2016-11-23,-0.0021999112605208568
478,2016-11-25,0.002768886335657691
479,2016-11-28,-0.004721987391229764
480,2016-11-29,1.761868294532862e-05
481,2016-11-30,-0.0010939765460179424
482,2016-12-01,0.005638595088599718
483,2016-12-02,-0.001590582018805352
484,2016-12-05,0.010716521467196814
485,2016-12-06,-0.0021800500601275737
486,2016-12-07,0.011998099266045975
487,2016-12-08,0.0023086264674363395
488,2016-12-09,0.007619986827427778
489,2016-12-12,0.00038285335527330833
490,2016-12-13,0.009239692964688179
491,2016-12-14,-0.002904585372715901
492,2016-12-15,0.00226646528031646
493,2016-12-16,-0.0050953675990133025
494,2016-12-19,0.003849777591202402
495,2016-12-20,0.006375098521601861
496,2016-12-21,0.0003668724155997103
497,2016-12-22,-0.0024115859302518265
498,2016-12-23,0.0001251791399247952
499,2016-12-27,-0.0007443139192918515
500,2016-12-28,-0.0042839289323175125
501,2016-12-29,-0.001390261618127355
502,2016-12-30,-0.002958154649585265
503,2017-01-03,0.00826797130674432
504,2017-01-04,0.004018006678445758
505,2017-01-05,0.001095095802991498
506,2017-01-06,0.0082368564552807
507,2017-01-09,-0.001551051912497766
508,2017-01-10,-0.0012746841629652675
509,2017-01-11,0.0011419705726155487
510,2017-01-12,-0.004654101405720643
511,2017-01-13,0.002113218613936814
512,2017-01-17,-0.0035895349119965557
513,2017-01-18,-0.0026497571156997002
514,2017-01-19,-0.004766389944271308
515,2017-01-20,0.00271654624646516
516,2017-01-23,0.0007442068733141614
517,2017-01-24,-0.0006889068477709584
518,2017-01-25,0.00842138422914571
519,2017-01-26,0.0006820995401193541
520,2017-01-27,0.0020702636891229208
521,2017-01-30,-0.004722245793187416
522,2017-01-31,-0.005021062584083566
523,2017-02-01,0.00739167555011245
524,2017-02-02,-0.0015863388115507718
525,2017-02-03,0.009572677785406773
526,2017-02-06,0.0016282592339482696
527,2017-02-07,0.0007693729886085505
528,2017-02-08,0.0023699093302533324
529,2017-02-09,0.011444919901660178
530,2017-02-10,0.005081480721747905
531,2017-02-13,0.006326839728508731
532,2017-02-14,0.00709095495978217
533,2017-02-15,0.0030394948052756697
534,2017-02-16,-0.000926168036275204
535,2017-02-17,0.003820470320438049
536,2017-02-21,0.004789536388592157
537,2017-02-22,0.002417315864951017
538,2017-02-23,-0.00040237081808065296
539,2017-02-24,0.001178373574961732
540,2017-02-27,5.303909700871442e-05
541,2017-02-28,-0.002661299572534217
542,2017-03-01,0.013798586628148785
543,2017-03-02,-0.0046644790648858675
544,2017-03-03,0.00018141401848032558
545,2017-03-06,-0.0010002636431904336
546,2017-03-07,-0.0007063934554930748
547,2017-03-08,0.0006637024096297732
548,2017-03-09,0.0016357379971659557
549,2017-03-10,0.00012553198103202573
550,2017-03-13,0.0008201315389222519
551,2017-03-14,0.0011469996586009534
552,2017-03-15,0.005363023008656842
553,2017-03-16,0.00028861511805357287
554,2017-03-17,-0.0036686600744339696
555,2017-03-20,0.0027578112566023372
556,2017-03-21,-0.013431465682832981
557,2017-03-22,-0.011191554736962945
558,2017-03-23,0.0034007504849417553
559,2017-03-24,-0.0011036610683452653
560,2017-03-27,-0.002722557081021013
561,2017-03-28,0.008302703992330681
562,2017-03-29,-0.0011110545098315966
563,2017-03-30,0.0001399372112515547
564,2017-03-31,-0.0022974379212890735
565,2017-04-03,-0.001462909898879577
566,2017-04-04,4.741493047974486e-05
567,2017-04-05,-0.00243937079233354
568,2017-04-06,0.0018268637392396335
569,2017-04-07,-0.0013040359649276142
570,2017-04-10,-0.0012209271403501444
571,2017-04-11,-0.002537397896689749
572,2017-04-12,0.0026840789329295018
573,2017-04-13,-0.00471244759294017
574,2017-04-17,0.008794993730016678
575,2017-04-18,-0.016075980795672098
576,2017-04-19,-0.004043369534468231
577,2017-04-20,0.008768035425710906
578,2017-04-21,-0.0014396573324999497
579,2017-04-24,0.009027515208621252
580,2017-04-25,0.005096416563244522
581,2017-04-26,-0.002117932072741493
582,2017-04-27,0.002229676720051175
583,2017-04-28,-0.001973900091253408
584,2017-05-01,0.003579217759592482
585,2017-05-02,0.001765820078819631
586,2017-05-03,-0.0022050195966981027
587,2017-05-04,0.00010032236843593057
588,2017-05-05,0.00044264902135764
589,2017-05-08,0.0027419919719448124
590,2017-05-09,0.0019285018143475813
591,2017-05-10,-0.0007145505953556167
592,2017-05-11,-0.0011005807285270888
593,2017-05-12,0.0005387222719405995
594,2017-05-15,0.005832223019481087
595,2017-05-16,0.0016819436596750058
596,2017-05-17,-0.024336656182650653
597,2017-05-18,0.0042843903686061585
598,2017-05-19,0.0010215680216463865
599,2017-05-22,0.002986489051714254
600,2017-05-23,0.006351167724188724
601,2017-05-24,0.0032253425842741373
602,2017-05-25,0.0036067611111047036
603,2017-05-26,0.0011683482965140813
604,2017-05-30,-0.0014864291214331097
605,2017-05-31,-0.006673033934612166
606,2017-06-01,0.0038492540637199367
607,2017-06-02,0.007918811875483517
608,2017-06-05,0.0008753878141673315
609,2017-06-06,0.0004764607470805534
610,2017-06-07,0.004042270376904633
611,2017-06-08,0.0010014922964109647
612,2017-06-09,-0.0029504554948542633
613,2017-06-12,-0.002806864913624684
614,2017-06-13,0.006328306144834666
615,2017-06-14,0.0017425550202746565
616,2017-06-15,-0.00904953804863029
617,2017-06-16,-0.006465094779673403
618,2017-06-19,0.012022113254782035
619,2017-06-20,-0.005180697624642455
620,2017-06-21,0.0036292869541134473
621,2017-06-22,-0.0012403165040963675
622,2017-06-23,0.0024389659951796474
623,2017-06-26,0.0025179413166867737
624,2017-06-27,-0.00788634291805868
625,2017-06-28,0.005865234131914317
626,2017-06-29,-0.006281314905913402
627,2017-06-30,0.017753081494124148
628,2017-07-03,0.0006367931119968242
629,2017-07-05,0.0012769658168228623
630,2017-07-06,-0.006559246821981379
631,2017-07-07,0.005514841667064338
632,2017-07-10,0.0038533613649282964
633,2017-07-11,-0.0006332848202496516
634,2017-07-12,0.004434151154969072
635,2017-07-13,0.0044113956794512976
636,2017-07-14,0.003142932373876051
637,2017-07-17,0.0008512713959510128
638,2017-07-18,-0.0018742993568157825
639,2017-07-19,0.0030679738281438646
640,2017-07-20,0.00608731588160583
641,2017-07-21,-0.0014257850839104883
642,2017-07-24,-0.006636146181386423
643,2017-07-25,0.004377133559752713
644,2017-07-26,-0.0036063757789716903
645,2017-07-27,-0.005617592488145907
646,2017-07-28,0.0037717753386406604
647,2017-07-31,0.0026601531154638045
648,2017-08-01,0.004744705152233352
649,2017-08-02,0.005101150883770435
650,2017-08-03,-0.000780597037806218
651,2017-08-04,0.005589576690481449
652,2017-08-07,0.004272482706987049
653,2017-08-08,-0.0003638240378272992
654,2017-08-09,0.002033198339798794
655,2017-08-10,-0.014559342509133315
656,2017-08-11,0.0026176127303244264
657,2017-08-14,0.010128053234435497
658,2017-08-15,-0.001892855927464034
659,2017-08-16,-0.000400385433215849
660,2017-08-17,-0.013683281574272415
661,2017-08-18,-0.008133652003654011
662,2017-08-21,-0.004474216226216846
663,2017-08-22,0.010414017916963447
664,2017-08-23,-0.0060039879215595645
665,2017-08-24,0.00043339575427153926
666,2017-08-25,-0.00010421888720230942
667,2017-08-28,-0.0008348160462072346
668,2017-08-29,-0.0008435175216583787
669,2017-08-30,0.0022587482293815464
670,2017-08-31,0.006675934431237905
671,2017-09-01,0.0003759971292520152
672,2017-09-05,-0.012221251976372019
673,2017-09-06,0.0006560229747540669
674,2017-09-07,-0.00039318440883894933
675,2017-09-08,-0.004215489104986938
676,2017-09-11,0.013895357880855436
677,2017-09-12,0.0040151372438903665
678,2017-09-13,0.0006612695190556545
679,2017-09-14,0.0019194794911623636
680,2017-09-15,0.00207122729660165
681,2017-09-18,0.0008489723650275063
682,2017-09-19,0.001126640453120962
683,2017-09-20,-0.004815063685789461
684,2017-09-21,-0.006275637255191989
685,2017-09-22,-0.0015996689824396679
686,2017-09-25,-0.004326317272662352
687,2017-09-26,0.003354206832993462
688,2017-09-27,0.0005584273452797536
689,2017-09-28,-0.0008836033813310017
690,2017-09-29,0.0014361033663885844
691,2017-10-02,0.004666620624414143
692,2017-10-03,0.000984010326200438
693,2017-10-04,0.002465020482344408
694,2017-10-05,0.009370149056458386
695,2017-10-06,0.0009023740468412068
696,2017-10-09,-0.003957713292064445
697,2017-10-10,0.0007451394030081887
698,2017-10-11,0.0035721031422742706
699,2017-10-12,-0.0014924418114492998
700,2017-10-13,0.0004718650867083484
701,2017-10-16,0.006981188625414402
702,2017-10-17,0.004831695284453772
703,2017-10-18,0.005343318585438966
704,2017-10-19,-0.001691971808144401
705,2017-10-20,0.007721033551197443
706,2017-10-23,0.0014316886630193664
707,2017-10-24,1.2256355586061598e-05
708,2017-10-25,0.002306009798573914
709,2017-10-26,0.006589141821044189
710,2017-10-27,0.014508644888898303
711,2017-10-30,-0.0017099960087273232
712,2017-10-31,0.0003709535718950828
713,2017-11-01,0.0005089622195648057
714,2017-11-02,0.004697924553906196
715,2017-11-03,0.0044458746914538575
716,2017-11-06,0.0021855322622351472
717,2017-11-07,-0.005835778310846309
718,2017-11-08,0.006905616832220932
719,2017-11-09,-0.0013021683436363182
720,2017-11-10,-0.0024278373630666726
721,2017-11-13,-0.0006572817276273577
722,2017-11-14,-0.004356116950658028
723,2017-11-15,-0.000967029958374686
724,2017-11-16,0.005093865455044157
725,2017-11-17,0.0021301836622300134
726,2017-11-20,0.0002795586417285538
727,2017-11-21,0.005810779574305439
728,2017-11-22,-0.002725125388476771
729,2017-11-24,0.001601065499692628
730,2017-11-27,0.0017113702807172065
731,2017-11-28,0.005996302418642581
732,2017-11-29,-0.0011863052884049411
733,2017-11-30,0.008366069594222987
734,2017-12-01,0.00011740766059986583
735,2017-12-04,-0.005695782280654697
736,2017-12-05,0.0010980783809275902
737,2017-12-06,-0.0004065388421507942
738,2017-12-07,0.0028041929415300276
739,2017-12-08,0.007129835785846702
740,2017-12-11,0.007169034803665253
741,2017-12-12,0.00806735609947298
742,2017-12-13,0.004486964552758034
743,2017-12-14,-0.002128758057520562
744,2017-12-15,0.008609859172256908
745,2017-12-18,0.003169578166478195
746,2017-12-19,-0.006905706190351544
747,2017-12-20,-0.004264910957647055
748,2017-12-21,0.008273290900305826
749,2017-12-22,-0.006805838139528844
750,2017-12-26,-0.003811501058959075
751,2017-12-27,-0.0021775511744042872
752,2017-12-28,0.0008184985773004901
753,2017-12-29,-0.005413196288384427
754,2018-01-02,0.006181531142734292
755,2018-01-03,0.000799384835376768
756,2018-01-04,0.004468567102300871
757,2018-01-05,0.005436770471501437
758,2018-01-08,-0.0010687062896944152
759,2018-01-09,0.0030113913319641866
760,2018-01-10,-0.00020918486910174368
761,2018-01-11,0.0031711690044521606
762,2018-01-12,0.007833335327906988
763,2018-01-16,-0.0035881459942359185
764,2018-01-17,0.0034592698135703565
765,2018-01-18,-0.001223196981256051
766,2018-01-19,0.012723687230074833
767,2018-01-22,0.003420361412061535
768,2018-01-23,-0.005444210338386402
769,2018-01-24,0.004401382024588049
770,2018-01-25,0.001837840623664929
771,2018-01-26,0.005004807522023441
772,2018-01-29,-0.003871443109460728
773,2018-01-30,-0.007274074227832124
774,2018-01-31,-0.00012133414182140438
775,2018-02-01,0.0030179303561429847
776,2018-02-02,-0.021878677081911723
777,2018-02-05,-0.03561111277283947
778,2018-02-06,0.022209035052675102
779,2018-02-07,-0.005832943858551721
780,2018-02-08,-0.03528339293128785
781,2018-02-09,0.023243613669335045
782,2018-02-12,0.012484909787671628
783,2018-02-13,0.003529846003972845
784,2018-02-14,0.015477270717953073
785,2018-02-15,0.014526792189760695
786,2018-02-16,0.0013103778869707904
787,2018-02-20,-0.006581169395974483
788,2018-02-21,-0.006165126262780605
789,2018-02-22,0.0003951726818944359
790,2018-02-23,0.015920719384592615
791,2018-02-26,0.01349189650895376
792,2018-02-27,-0.009465184215572723
793,2018-02-28,-0.009143757003973496
794,2018-03-01,-0.014033181270020208
795,2018-03-02,0.00389964312112672
796,2018-03-05,0.0037598671115334796
797,2018-03-06,0.0003455664258125284
798,2018-03-07,-0.0037672868117672466
799,2018-03-08,0.010709734515047146
800,2018-03-09,0.014796649401602947
801,2018-03-12,0.0034553653201553815
802,2018-03-13,-0.007612894811100708
803,2018-03-14,-0.007820049963687983
804,2018-03-15,0.003881588991070484
805,2018-03-16,0.0005633702931407225
806,2018-03-19,-0.013886059594379418
807,2018-03-20,0.005030869709377624
808,2018-03-21,-0.006357757157520672
809,2018-03-22,-0.023495462299363633
810,2018-03-23,-0.015445904236699422
811,2018-03-26,0.03152271397927282
812,2018-03-27,-0.014493824628789604
813,2018-03-28,-0.001877267776864746
814,2018-03-29,0.009489635575936123
815,2018-04-02,-0.019896759225765767
816,2018-04-03,0.01852282483973632
817,2018-04-04,0.015966886732766656
818,2018-04-05,0.006841067206013277
819,2018-04-06,-0.02008994828150715
820,2018-04-09,0.005042560324982715
821,2018-04-10,0.01026178261716767
822,2018-04-11,-0.006270927989258724
823,2018-04-12,0.012888907144156005
824,2018-04-13,-0.004086667850431087
825,2018-04-16,0.005141381472747523
826,2018-04-17,0.0009425930816216605
827,2018-04-18,-0.007076720357346773
828,2018-04-19,-0.0056851838151595075
829,2018-04-20,-0.008776865467176783
830,2018-04-23,-0.0008651609959679733
831,2018-04-24,-0.008743969918730759
832,2018-04-25,-0.002833489471130569
833,2018-04-26,0.010009246671011456
834,2018-04-27,0.0049937803401424235
835,2018-04-30,-0.006725907343403578
836,2018-05-01,0.0031204127568633735
837,2018-05-02,-0.000975862062861108
838,2018-05-03,-0.0038038751644569285
839,2018-05-04,0.01335804742124716
840,2018-05-07,0.00692527102430647
841,2018-05-08,-0.0038263215548798896
842,2018-05-09,0.005830600189584211
843,2018-05-10,0.00720282228307322
844,2018-05-11,0.002894014953380307
845,2018-05-14,0.0004278995368301866
846,2018-05-15,-0.003401264226771315
847,2018-05-16,0.006710393185088389
848,2018-05-17,-0.006623325365164901
849,2018-05-18,-0.0002488301843319544
850,2018-05-21,0.0028761876889646073
851,2018-05-22,-0.0015813015702341264
852,2018-05-23,0.00337454034541763
853,2018-05-24,-0.0012386785870300814
854,2018-05-25,4.454849648213299e-05
855,2018-05-29,-0.013047910128096713
856,2018-05-30,0.009089400241675037
857,2018-05-31,-0.006145350795715081
858,2018-06-01,0.012669759742138012
859,2018-06-04,0.007370264797305453
860,2018-06-05,0.000676188407559553
861,2018-06-06,0.00756660596073028
862,2018-06-07,-0.0008284940389398305
863,2018-06-08,0.0011136665538684846
864,2018-06-11,-0.003355138528092839
865,2018-06-12,-0.0009884139431234763
866,2018-06-13,-0.0010318767453823313
867,2018-06-14,0.0019313082955847167
868,2018-06-15,-0.0013432470557758595
869,2018-06-18,-0.0016790894517471765
870,2018-06-19,-0.006431938655001483
871,2018-06-20,0.0020585727214246156
872,2018-06-21,-0.005202474566337167
873,2018-06-22,-0.0013381035905458325
874,2018-06-25,-0.011789352940358456
875,2018-06-26,0.0029443153357814893
876,2018-06-27,-0.007859054813244747
877,2018-06-28,0.006837906177567882
878,2018-06-29,0.017796572101144496
879,2018-07-02,0.003431005178163318
880,2018-07-03,-0.00976122929186568
881,2018-07-05,0.006239187093369273
882,2018-07-06,0.006577351084602079
883,2018-07-09,0.011155490565137562
884,2018-07-10,0.001565556467707169
885,2018-07-11,-0.005403711841835717
886,2018-07-12,0.009808790901742106
887,2018-07-13,-0.0011594365979697998
888,2018-07-16,0.0020027511973751302
889,2018-07-17,0.007181673503887734
890,2018-07-18,-0.005775767596916526
891,2018-07-19,-0.0032521685103606966
892,2018-07-20,0.0038523720938731577
893,2018-07-23,0.004370367181954265
894,2018-07-24,0.004020026430611401
895,2018-07-25,0.008879428601234099
896,2018-07-26,0.003464547726507452
897,2018-07-27,-0.0057506232345279846
898,2018-07-30,-0.004163488349382
899,2018-07-31,0.0026468184538629112
900,2018-08-01,0.009865077583646941
901,2018-08-02,0.006200735970932972
902,2018-08-03,0.0022163431403734177
903,2018-08-06,0.004369057336424775
904,2018-08-07,0.0028752778868647816
905,2018-08-08,-0.0005471780235502923
906,2018-08-09,0.0015352476868497923
907,2018-08-10,-0.00629160837806227
908,2018-08-13,-0.0038857652370516416
909,2018-08-14,0.00380052325125991
910,2018-08-15,-0.0018989007768387342
911,2018-08-16,0.00900715931534404
912,2018-08-17,0.005022246721917409
913,2018-08-20,0.0070657155277909466
914,2018-08-21,0.0002649092646008979
915,2018-08-22,0.0006625323005475963
916,2018-08-23,3.508903832281742e-05
917,2018-08-24,0.0009468595497242958
918,2018-08-27,0.009369687055445426
919,2018-08-28,0.0009664419262446814
920,2018-08-29,0.00564236628481801
921,2018-08-30,-0.0034210493124958033
922,2018-08-31,0.0027601681551999535
923,2018-09-04,-0.00780960062522496
924,2018-09-05,-0.0009496960720140428
925,2018-09-06,-0.002200906760357391
926,2018-09-07,-0.0020280430093293665
927,2018-09-10,0.0011807998377125447
928,2018-09-11,0.007798583469973923
929,2018-09-12,-0.0013619119530728766
930,2018-09-13,0.0067413143295170135
931,2018-09-14,-0.0007651576179299672
932,2018-09-17,-0.006206200548239644
933,2018-09-18,0.007580851539056506
934,2018-09-19,0.0015723054335208945
935,2018-09-20,0.008765315498759384
936,2018-09-21,-0.0013708022722866166
937,2018-09-24,-0.0037270638390544068
938,2018-09-25,-0.0006484828451136604
939,2018-09-26,-0.007648582928212625
940,2018-09-27,0.004379557555981696
941,2018-09-28,-0.001969244027675187
942,2018-10-01,0.004577448950701993
943,2018-10-02,-0.0015057307876326276
944,2018-10-03,0.0005505411388343152
945,2018-10-04,-0.01003394482151537
946,2018-10-05,-0.0049688253698092
947,2018-10-08,-0.0014746117892769292
948,2018-10-09,0.0017356455489793753
949,2018-10-10,-0.03538839579040456
950,2018-10-11,-0.010642561102693775
951,2018-10-12,0.013379303749411162
952,2018-10-15,-0.005908926093386098
953,2018-10-16,0.022891377941815946
954,2018-10-17,0.006227998877881233
955,2018-10-18,-0.010693902367362574
956,2018-10-19,0.00021650307288392703
957,2018-10-22,-0.0010787311981696095
958,2018-10-23,-0.00659388770223357
959,2018-10-24,-0.025439625375655632
960,2018-10-25,0.019342447319751585
961,2018-10-26,-0.010074313923064945
962,2018-10-29,-0.0036848469329792224
963,2018-10-30,0.014624398714687513
964,2018-10-31,0.013595154513766888
965,2018-11-01,0.007314364632046535
966,2018-11-02,-0.008170272836305894
967,2018-11-05,0.001084298996026084
968,2018-11-06,9.189075587098903e-05
969,2018-11-07,0.01917482592856628
970,2018-11-08,-0.0002297807830361121
971,2018-11-09,-0.01620196616735635
972,2018-11-12,-0.0282755734507767
973,2018-11-13,-0.0034031657997669715
974,2018-11-14,-0.009870070320437942
975,2018-11-15,0.0073979283171799635
976,2018-11-16,0.004192597851321183
977,2018-11-19,-0.016596403229586963
978,2018-11-20,-0.02306483135242846
979,2018-11-21,-0.0010328327068646335
980,2018-11-23,-0.008501067940412166
981,2018-11-26,0.014479692858688636
982,2018-11-27,0.0014552530024174273
983,2018-11-28,0.026137711302456818
984,2018-11-29,-0.006476579906222322
985,2018-11-30,-0.00013394690374228486
986,2018-12-03,0.013437741231778223
987,2018-12-04,-0.023321447766265557
988,2018-12-06,-0.0017173193705912648
989,2018-12-07,-0.02087567367160896
990,2018-12-10,0.0015746261176655845
991,2018-12-11,0.0024056318660108313
992,2018-12-12,0.003600933221643679
993,2018-12-13,-0.0011032793139957031
994,2018-12-14,-0.033835070444952646
995,2018-12-17,-0.02335530188668076
996,2018-12-18,0.012347149489822906
997,2018-12-19,-0.017276790723762585
998,2018-12-20,-0.00989884585762793
999,2018-12-21,-0.005605197458727279
1000,2018-12-24,-0.03280967306930501
1001,2018-12-26,0.04657407570006323
1002,2018-12-27,0.0053904870619630105
1003,2018-12-28,-0.004427744624856044
1004,2018-12-31,0.01202733271947247
1005,2019-01-02,0.0025286949844212673
1006,2019-01-03,-0.028908642866616395
1007,2019-01-04,0.026621938875295972
1008,2019-01-07,0.002230737553286352
1009,2019-01-08,0.009805578323801393
1010,2019-01-09,0.004355858797362016
1011,2019-01-10,-0.0002304103405453852
1012,2019-01-11,-0.002449193559947154
1013,2019-01-14,-0.003295834767543984
1014,2019-01-15,0.01420718126533248
1015,2019-01-16,0.017499236464349633
1016,2019-01-17,0.009019080378918123
1017,2019-01-18,0.011773496947118323
1018,2019-01-22,-0.01257435833015231
1019,2019-01-23,0.0008703598423610685
1020,2019-01-24,-0.0036020504122602007
1021,2019-01-25,0.010962639003047314
1022,2019-01-28,-0.004525980742094235
1023,2019-01-29,-0.0018368080989977062
1024,2019-01-30,0.02146024421728853
1025,2019-01-31,-0.002136179218597139
1026,2019-02-01,-0.003060778005700498
1027,2019-02-04,0.010655540393998946
1028,2019-02-05,0.007586578574298888
1029,2019-02-06,-0.002969709648232708
1030,2019-02-07,-0.009195819043345179
1031,2019-02-08,-0.0003027137843493574
1032,2019-02-11,0.0006428082829359376
1033,2019-02-12,0.011574763615272236
1034,2019-02-13,0.001318862921305354
1035,2019-02-14,-0.0030205008287839353
1036,2019-02-15,0.011135738060691677
1037,2019-02-19,-0.0018029963326422677
1038,2019-02-20,0.001667268990667771
1039,2019-02-21,-0.002999744638864937
1040,2019-02-22,0.0068029149468274985
1041,2019-02-25,0.005856298560452118
1042,2019-02-26,0.002635769563548134
1043,2019-02-27,0.0007273865599410334
1044,2019-02-28,-0.0027921916524091014
1045,2019-03-01,0.009548651531471159
1046,2019-03-04,-0.0048918117214841825
1047,2019-03-05,-0.0009250818187928567
1048,2019-03-06,-0.0020648531297080006
1049,2019-03-07,-0.005970986011856358
1050,2019-03-08,0.0016215134945906685
1051,2019-03-11,0.011254214466829988
1052,2019-03-12,0.0031028474231126206
1053,2019-03-13,0.0037546852246512874
1054,2019-03-14,0.0025329763426528307
1055,2019-03-15,0.0035731454835246923
1056,2019-03-18,0.009230653937324154
1057,2019-03-19,-0.0012249867623503015
1058,2019-03-20,-0.008377997165140443
1059,2019-03-21,0.012967146851787993
1060,2019-03-22,-0.026090776733574038
1061,2019-03-25,-0.001477295479903823
1062,2019-03-26,0.006442103706129366
1063,2019-03-27,-0.0011662649192636738
1064,2019-03-28,0.003911773917572492
1065,2019-03-29,0.004585811324881811
1066,2019-04-01,0.008200932720526634
1067,2019-04-02,-0.0007206543144388806
1068,2019-04-03,0.004658074634582595
1069,2019-04-04,0.00025588460495171373
1070,2019-04-05,0.002850176820826858
1071,2019-04-08,0.0006549222044256893
1072,2019-04-09,-0.004773826442292591
1073,2019-04-10,0.0054937957209447216
1074,2019-04-11,-0.0013023741261393442
1075,2019-04-12,0.009382592100841252
1076,2019-04-15,-0.004415393513106918
1077,2019-04-16,0.005640243734189112
1078,2019-04-17,0.012202389202261299
1079,2019-04-18,0.0008447190236148661
1080,2019-04-22,-0.0039205161153849895
1081,2019-04-23,0.006463132434896727
1082,2019-04-24,-0.0029786474612223616
1083,2019-04-25,0.0030091175680921605
1084,2019-04-26,0.004337128532650214
1085,2019-04-29,0.0026722610132515695
1086,2019-04-30,-0.001566519255678569
1087,2019-05-01,-3.7137102928501477e-06
1088,2019-05-02,-0.004770570555251257
1089,2019-05-03,0.009122606806796616
1090,2019-05-06,-0.00833982420525819
1091,2019-05-07,-0.015473337035183861
1092,2019-05-08,-0.0012857713301406798
1093,2019-05-09,-0.001921104863979134
1094,2019-05-10,0.003033830115222741
1095,2019-05-13,-0.02439354703231863
1096,2019-05-14,0.006800627659855241
1097,2019-05-15,0.004547282080461827
1098,2019-05-16,0.007678789554361924
1099,2019-05-17,-0.0019403201809655873
1100,2019-05-20,-0.010540659095843593
1101,2019-05-21,0.006404049233251746
1102,2019-05-22,-0.005179199394315002
1103,2019-05-23,-0.006897541896406738
1104,2019-05-24,-0.00038440321470350255
1105,2019-05-28,-0.008923279445048607
1106,2019-05-29,-0.01703315063592692
1107,2019-05-30,0.0031516184327431
1108,2019-05-31,-0.015380796454610221
1109,2019-06-03,-0.0022507619572222155
1110,2019-06-04,0.027808125767430428
1111,2019-06-05,0.007656320038124126
1112,2019-06-06,0.00794836491257922
1113,2019-06-07,0.012352972031701437
1114,2019-06-10,0.005979165969086252
1115,2019-06-11,0.004313189910882664
1116,2019-06-12,-0.003892145989500879
1117,2019-06-13,0.0029805606777537764
1118,2019-06-14,-0.0018871750487487232
1119,2019-06-17,-0.0033884754586342393
1120,2019-06-18,0.015713537833992448
1121,2019-06-19,-0.0006344907398706731
1122,2019-06-20,0.008712824417638997
1123,2019-06-21,0.0008084932126745184
1124,2019-06-24,0.00034301381526674184
1125,2019-06-25,-0.01099581160244246
1126,2019-06-26,0.0010393300563274355
1127,2019-06-27,0.0035212962400029933
1128,2019-06-28,0.002640921530186839
1129,2019-07-01,0.010141890700025634
1130,2019-07-02,0.0009954739204849172
1131,2019-07-03,0.007791200713170331
1132,2019-07-05,0.0007757032342621883
1133,2019-07-08,-0.0014175779371251823
1134,2019-07-09,0.001786380866773294
1135,2019-07-10,0.0003693990701570363
1136,2019-07-11,0.004750018142772106
1137,2019-07-12,-0.0006074581718104716
1138,2019-07-15,0.000927625202491873
1139,2019-07-16,-0.003713788560811878
1140,2019-07-17,-0.006858048362761627
1141,2019-07-18,0.00286442421922046
1142,2019-07-19,-0.007181319956496167
1143,2019-07-22,0.0015370767888914626
1144,2019-07-23,0.008620303210408289
1145,2019-07-24,0.004842129524659979
1146,2019-07-25,3.603687019945299e-05
1147,2019-07-26,0.0036219992239722443
1148,2019-07-29,0.0028933556015627443
1149,2019-07-30,-0.0024600861913133473
1150,2019-07-31,-0.007279380971460249
1151,2019-08-01,-0.01510425057464684
1152,2019-08-02,-0.009585896363281766
1153,2019-08-05,-0.024761580909979024
1154,2019-08-06,0.014894698319584518
1155,2019-08-07,0.0008485623092564097
1156,2019-08-08,0.01410879027456266
1157,2019-08-09,-0.004225657920015075
1158,2019-08-12,-0.007832708224755873
1159,2019-08-13,0.017089762372305407
1160,2019-08-14,-0.025969779312726485
1161,2019-08-15,-0.0030488970981241374
1162,2019-08-16,0.011968195269256614
1163,2019-08-19,0.010796288840720659
1164,2019-08-20,-0.006956148946304237
1165,2019-08-21,0.010047172833469955
1166,2019-08-22,0.001531245713036443
1167,2019-08-23,-0.027900240213700092
1168,2019-08-26,0.013974771415086913
1169,2019-08-27,-0.0004567525642081309
1170,2019-08-28,0.005008808717631453
1171,2019-08-29,0.012803947504653987
1172,2019-08-30,-0.0013195040972069508
1173,2019-09-03,-0.007723007503263715
1174,2019-09-04,0.010569301716418225
1175,2019-09-05,0.014690485699877813
1176,2019-09-06,-0.0006194416883744336
1177,2019-09-09,0.0015643181718661171
1178,2019-09-10,0.0021112743692666323
1179,2019-09-11,0.007737684346389657
1180,2019-09-12,0.0037004774503934697
1181,2019-09-13,-0.002864393933121998
1182,2019-09-16,-0.004083300884363407
1183,2019-09-17,0.0014563577615389466
1184,2019-09-18,0.005673035549514561
1185,2019-09-19,-0.0013499346597830183
1186,2019-09-20,-0.005018634636517682
1187,2019-09-23,0.0024899387515252866
1188,2019-09-24,-0.008814637432333577
1189,2019-09-25,0.013265496933266055
1190,2019-09-26,-0.0019776179004346484
1191,2019-09-27,-0.0019350125449615707
1192,2019-09-30,0.007974625119994604
1193,2019-10-01,-0.00781905870842083
1194,2019-10-02,-0.01009391731486762
1195,2019-10-03,0.0031156428809523667
1196,2019-10-04,0.014944604923522972
1197,2019-10-07,-0.001673867683747697
1198,2019-10-08,-0.010305795126106573
1199,2019-10-09,0.0029071237626200922
1200,2019-10-10,0.006597947421702412
1201,2019-10-11,0.013546336978457387
1202,2019-10-14,0.0019833870615154287
1203,2019-10-15,0.004802128401792893
1204,2019-10-16,0.0022413710662480333
1205,2019-10-17,0.0013641477081019694
1206,2019-10-18,-0.009898708231327043
1207,2019-10-21,0.00692132470635887
1208,2019-10-22,-0.001975288636055999
1209,2019-10-23,-0.000722272555696762
1210,2019-10-24,-0.0014157632118875297
1211,2019-10-25,0.005481824026333612
1212,2019-10-28,0.009075802777347668
1213,2019-10-29,-0.007694654006745871
1214,2019-10-30,0.008155690585917688
1215,2019-10-31,-0.002694486384757821
1216,2019-11-01,0.0059672851268494555
1217,2019-11-04,0.003822679420782379
1218,2019-11-05,-0.001023259818747943
1219,2019-11-06,-0.00041441048902713816
1220,2019-11-07,0.008751660539655584
1221,2019-11-08,0.003032807230338345
1222,2019-11-11,-0.0032183366789136155
1223,2019-11-12,-3.340216208762463e-05
1224,2019-11-13,0.0041305060595038644
1225,2019-11-14,-0.000644865603298738
1226,2019-11-15,0.013745924759361608
1227,2019-11-18,0.0026853370407197486
1228,2019-11-19,-0.0011766012530308964
1229,2019-11-20,-0.0030800235450664393
1230,2019-11-21,-0.0014023186772851486
1231,2019-11-22,0.00649677518963304
1232,2019-11-25,0.005748087528592065
1233,2019-11-26,0.0002443264113068834
1234,2019-11-27,0.005079000708674496
1235,2019-11-29,-0.0026120401879461503
1236,2019-12-02,-0.0068111621893468454
1237,2019-12-03,-0.010062501565186226
1238,2019-12-04,0.010647908048754425
1239,2019-12-05,0.0076814001116168335
1240,2019-12-06,0.014565634885613573
1241,2019-12-09,-0.005775058641429103
1242,2019-12-10,0.0011280208067413857
1243,2019-12-11,0.002815728040036735
1244,2019-12-12,0.0074825125420576
1245,2019-12-13,0.0028986518058756704
1246,2019-12-16,0.008779359863258701
1247,2019-12-17,0.005555724633264866
1248,2019-12-18,0.00012575398706168313
1249,2019-12-19,0.0044751247375587055
1250,2019-12-20,-0.0009702465440841379
1251,2019-12-23,0.003421913805776678
1252,2019-12-24,0.0004051489692506188
1253,2019-12-26,0.006113287210062754
1254,2019-12-27,0.0014035882252767876
1255,2019-12-30,-0.002970373781283576
1256,2019-12-31,0.002958380501320934
1257,2020-01-02,0.011613259121853802
1258,2020-01-03,-0.007809525413828531
1259,2020-01-06,0.0030500843728605113
1260,2020-01-07,0.0002716702746732493
1261,2020-01-08,0.005881895995597954
1262,2020-01-09,0.009040509088207452
1263,2020-01-10,-0.0022166528216479115
1264,2020-01-13,0.010390062275482637
1265,2020-01-14,-0.00010845603649817766
1266,2020-01-15,0.0004363518471025499
1267,2020-01-16,0.010659562125632965
1268,2020-01-17,0.005551816842644163
1269,2020-01-21,-0.004268230575330485
1270,2020-01-22,-0.00035381878487486003
1271,2020-01-23,-0.0017173274649117712
1272,2020-01-24,-0.006687279269394196
1273,2020-01-27,-0.01202639408315642
1274,2020-01-28,0.011695082910746068
1275,2020-01-29,0.003741905329438758
1276,2020-01-30,0.004151177824627139
1277,2020-01-31,-0.018793067390011877
1278,2020-02-03,0.011259019778719761
1279,2020-02-04,0.01750832835101486
1280,2020-02-05,0.004537662064192514
1281,2020-02-06,0.0016321587408656207
1282,2020-02-07,-0.00839254889597155
1283,2020-02-10,0.004890487363467615
1284,2020-02-11,-0.004615928029574188
1285,2020-02-12,0.009678395726255434
1286,2020-02-13,-0.002433607969260094
1287,2020-02-14,0.0006376577390974751
1288,2020-02-18,-0.008349494056587217
1289,2020-02-19,0.006591517379984003
1290,2020-02-20,-0.007826100074610702
1291,2020-02-21,-0.0114629676433057
1292,2020-02-24,-0.029068820238056268
1293,2020-02-25,-0.01973602530443513
1294,2020-02-26,-0.0005832226705173812
1295,2020-02-27,-0.04068976505328934
1296,2020-02-28,-0.005149879986330266
1297,2020-03-02,0.04504249640734028
1298,2020-03-03,-0.025913441235177734
1299,2020-03-04,0.03357495323302661
1300,2020-03-05,-0.024873604997224835
1301,2020-03-06,-0.01544569384681633
1302,2020-03-09,-0.05583287971934667
1303,2020-03-10,0.04868386986498291
1304,2020-03-11,-0.04621321858611224
1305,2020-03-12,-0.08000705790160907
1306,2020-03-13,0.08637184963660785
1307,2020-03-16,-0.09311163800821923
1308,2020-03-17,0.04551749604721101
1309,2020-03-18,-0.0378273561558978
1310,2020-03-19,0.007274798819486238
1311,2020-03-20,-0.04665767617193255
1312,2020-03-23,-0.0358296742156022
1313,2020-03-24,0.09249284533928334
1314,2020-03-25,0.01621363460231402
1315,2020-03-26,0.05234964090915805
1316,2020-03-27,-0.02694653079841774
1317,2020-03-30,0.03463582538135299
1318,2020-03-31,-0.016539409706380452
1319,2020-04-01,-0.03477386168471032
1320,2020-04-02,0.019313580735700768
1321,2020-04-03,-0.008543711318916647
1322,2020-04-06,0.05837953991509253
1323,2020-04-07,0.0024864699115726588
1324,2020-04-08,0.02742356258478315
1325,2020-04-09,0.009644177162274998
1326,2020-04-13,-0.009021726346021672
1327,2020-04-14,0.028578072664918977
1328,2020-04-15,-0.006720051455797811
1329,2020-04-16,0.009288282994776891
1330,2020-04-17,0.017201183039093664
1331,2020-04-20,-0.014225415271745116
1332,2020-04-21,-0.026065587521667846
1333,2020-04-22,0.024141394807441843
1334,2020-04-23,-0.004093830048088763
1335,2020-04-24,0.010847054618003239
1336,2020-04-27,0.008145470965857365
1337,2020-04-28,-0.00704433277537059
1338,2020-04-29,0.011500145572906403
1339,2020-04-30,-0.0035977890643542
1340,2020-05-01,-0.01803635052199679
1341,2020-05-04,0.004826026426702808
1342,2020-05-05,0.010789522624645836
1343,2020-05-06,0.0026428840016851003
1344,2020-05-07,0.0076840081676387
1345,2020-05-08,0.013114998026107542
1346,2020-05-11,0.0033562456802853045
1347,2020-05-12,-0.01892581317549146
1348,2020-05-13,-0.014504216496029275
1349,2020-05-14,0.00628359819054193
1350,2020-05-15,0.002842131075164465
1351,2020-05-18,0.024672524665803063
1352,2020-05-19,-0.006360665521004417
1353,2020-05-20,0.010721060331724704
1354,2020-05-21,-0.0022052007231859656
1355,2020-05-22,-0.0013631245693999626
1356,2020-05-26,0.01831265715259019
1357,2020-05-27,0.020059465494601993
1358,2020-05-28,-0.007939447343327855
1359,2020-05-29,0.0007672740855072462
1360,2020-06-01,0.005194616674488374
1361,2020-06-02,0.009684408864330434
1362,2020-06-03,0.013724281670471695
1363,2020-06-04,-0.007022342894455307
1364,2020-06-05,0.014172994088860882
1365,2020-06-08,0.006731835441617044
1366,2020-06-09,-7.899522846318587e-05
1367,2020-06-10,0.006555102475420451
1368,2020-06-11,-0.05227435596584658
1369,2020-06-12,0.014003442477066664
1370,2020-06-15,0.008857301177383405
1371,2020-06-16,0.016617534827611524
1372,2020-06-17,-0.002915037761332227
1373,2020-06-18,-0.002734111114351267
1374,2020-06-19,-0.008190063591397023
1375,2020-06-22,0.015958815277827828
1376,2020-06-23,0.009117543995159611
1377,2020-06-24,-0.01882100149221189
1378,2020-06-25,0.014948905811882067
1379,2020-06-26,-0.04057105677098047
1380,2020-06-29,0.015141419864229864
1381,2020-06-30,0.015239397168361573
1382,2020-07-01,-0.0009653891310806999
1383,2020-07-02,0.003617112404955913
1384,2020-07-06,0.022234640653196514
1385,2020-07-07,-0.015018577024407497
1386,2020-07-08,0.013129056808735315
1387,2020-07-09,-0.00809179674175927
1388,2020-07-10,0.010307798305780026
1389,2020-07-13,-0.0007412199662927631
1390,2020-07-14,0.012493652323585045
1391,2020-07-15,0.006959140074619566
1392,2020-07-16,-0.007578400690298025
1393,2020-07-17,-0.005453077302410552
1394,2020-07-20,0.008656904232954543
1395,2020-07-21,0.0012968935681723225
1396,2020-07-22,-0.0012828912391041497
1397,2020-07-23,-0.01704061866323248
1398,2020-07-24,-0.004095963778437585
1399,2020-07-27,0.0039757090735667
1400,2020-07-28,-0.0071239162830979376
1401,2020-07-29,0.005997247359390237
1402,2020-07-30,-0.0010511061956794065
1403,2020-07-31,0.014355314718964885
1404,2020-08-03,0.016289108763818373
1405,2020-08-04,-0.0011877625068808864
1406,2020-08-05,0.011688075498345354
1407,2020-08-06,0.005465213203650666
1408,2020-08-07,0.001614290784356632
1409,2020-08-10,0.006992165484344727
1410,2020-08-11,-0.009926460349582916
1411,2020-08-12,0.015279644263468272
1412,2020-08-13,0.0009008220541230969
1413,2020-08-14,-0.0002528977794356014
1414,2020-08-17,-0.004074354743473869
1415,2020-08-18,0.0042139718079579475
1416,2020-08-19,0.003776284684978684
1417,2020-08-20,0.0071861029415284826
1418,2020-08-21,0.012482683206628478
1419,2020-08-24,0.010864444476493856
1420,2020-08-25,-0.0013063446196519104
1421,2020-08-26,0.006997504911908191
1422,2020-08-27,0.004095344335337916
1423,2020-08-28,0.002547323411576782
1424,2020-08-31,0.00041288562098451174
1425,2020-09-01,0.01002156334174833
1426,2020-09-02,0.010110887550088099
1427,2020-09-03,-0.03459820594968403
1428,2020-09-04,-0.000898717957557983
1429,2020-09-08,-0.02841642208466518
1430,2020-09-09,0.018954840960696648
1431,2020-09-10,-0.015010722956728506
1432,2020-09-11,0.003094352870048901
1433,2020-09-14,0.009222162073754052
1434,2020-09-15,0.00022419722750171704
1435,2020-09-16,-0.006848457062285644
1436,2020-09-17,-0.014158884413539338
1437,2020-09-18,-0.0070629321283978185
1438,2020-09-21,-0.0006064829298352133
1439,2020-09-22,0.008139848501711839
1440,2020-09-23,-0.0016775567546579682
1441,2020-09-24,0.009457864326928089
1442,2020-09-25,0.010094496587432741
1443,2020-09-28,0.010508814504843117
1444,2020-09-29,-0.001911706376531468
1445,2020-09-30,0.009364456856828077
1446,2020-10-01,0.0010283419993786758
1447,2020-10-02,-0.009706742396869035
1448,2020-10-05,0.013765374567382721
1449,2020-10-06,-0.011372352111984136
1450,2020-10-07,0.013263330308260057
1451,2020-10-08,0.004699290632575682
1452,2020-10-09,0.010510140732301283
1453,2020-10-12,0.020350097394781202
1454,2020-10-13,-0.009935797268798384
1455,2020-10-14,-0.003495472007269344
1456,2020-10-15,-0.0024779527474802212
1457,2020-10-16,-0.004757213800854222
1458,2020-10-19,-0.012917306751335353
1459,2020-10-20,0.00624797349630714
1460,2020-10-21,-0.004160271593464745
1461,2020-10-22,0.003085405182256166
1462,2020-10-23,-0.00020029612551705848
1463,2020-10-26,-0.011211000735706403
1464,2020-10-27,-0.002390707345109743
1465,2020-10-28,-0.033717119885674274
1466,2020-10-29,0.006343145658422171
1467,2020-10-30,-0.014687976659172482
1468,2020-11-02,0.006871344559051677
1469,2020-11-03,0.014990260133034169
1470,2020-11-04,0.01803843710670224
1471,2020-11-05,0.018597757511967485
1472,2020-11-06,0.000523092487124884
1473,2020-11-09,0.011339745562778974
1474,2020-11-10,-0.0028501993855615773
1475,2020-11-11,0.008876084194062661
1476,2020-11-12,-0.004865831301871081
1477,2020-11-13,0.009064711620813064
1478,2020-11-16,0.0084258835242245
1479,2020-11-17,-0.00016264968362391036
1480,2020-11-18,-0.0070758009108540364
1481,2020-11-19,0.0023098727949471343
1482,2020-11-20,-0.003740346102789564
1483,2020-11-23,-0.0013959990198822603
1484,2020-11-24,0.012233431641685595
1485,2020-11-25,0.0016317586043173864
1486,2020-11-27,-0.0002903297808805977
1487,2020-11-30,0.00038777702866201207
1488,2020-12-01,0.01280443227087667
1489,2020-12-02,0.005082963500436394
1490,2020-12-03,0.0001266943030145974
1491,2020-12-04,0.004262854432451561
1492,2020-12-07,0.002021585383981565
1493,2020-12-08,0.005593756978159072
1494,2020-12-09,-0.002458794433456992
1495,2020-12-10,0.000626405332694124
1496,2020-12-11,-0.0019726403700684133
1497,2020-12-14,-0.0070493397169142935
1498,2020-12-15,0.017937113297445312
1499,2020-12-16,0.002414089882401425
1500,2020-12-17,0.009179792685045395
1501,2020-12-18,-0.008244290165184097
1502,2020-12-21,0.023470280991553984
1503,2020-12-22,-0.001817136058958811
1504,2020-12-23,-4.2942648644869855e-05
1505,2020-12-24,0.0025585869339947325
1506,2020-12-28,0.01148593300649341
1507,2020-12-29,-0.003897008671006275
1508,2020-12-30,4.171151984804141e-06
1509,2020-12-31,0.0034305323169237594
1510,2021-01-04,-0.009280959581942829
1511,2021-01-05,0.00966819445167935
1512,2021-01-06,0.0029262791996576692
1513,2021-01-07,0.018296724557494686
1514,2021-01-08,0.003003704316230392
1515,2021-01-11,-0.003997878108513964
1516,2021-01-12,-0.0004352887870197477
1517,2021-01-13,0.0017223814366639756
1518,2021-01-14,-0.0014189312187893929
1519,2021-01-15,-0.007667737892887596
1520,2021-01-19,0.00046758521509594845
1521,2021-01-20,0.011918113838350638
1522,2021-01-21,0.002846445271764632
1523,2021-01-22,0.002055074811390028
1524,2021-01-25,0.00253630506999413
1525,2021-01-26,0.003090237931658463
1526,2021-01-27,-0.0147420417951428
1527,2021-01-28,0.006212961996396637
1528,2021-01-29,-0.02096502552725239
1529,2021-02-01,0.011750903942627927
1530,2021-02-02,0.012865101710744469
1531,2021-02-03,0.00012370920111069047
1532,2021-02-04,0.01103761090520343
1533,2021-02-05,0.007866031794172765
1534,2021-02-08,0.002995186276469213
1535,2021-02-09,-0.0006343891538980717
1536,2021-02-10,0.0025257079990311715
1537,2021-02-11,9.628828279107559e-05
1538,2021-02-12,0.0018389867923224727
1539,2021-02-16,-0.002030757261491254
1540,2021-02-17,0.002225424866566308
1541,2021-02-18,-0.0017913506949227916
1542,2021-02-19,-0.004898315291345593
1543,2021-02-22,-0.014119393391501759
1544,2021-02-23,-0.002145168264952609
1545,2021-02-24,0.008864496686128091
1546,2021-02-25,-0.009804659943941262
1547,2021-02-26,-0.008163822810598765
1548,2021-03-01,0.021763764461845952
1549,2021-03-02,-0.005505044322021906
1550,2021-03-03,-0.012997417661155522
1551,2021-03-04,-0.012690354238272604
1552,2021-03-05,0.009797522435697033
1553,2021-03-08,-0.001391313037554448
1554,2021-03-09,0.0103825270993091
1555,2021-03-10,0.008083359967620288
1556,2021-03-11,0.010066791124372872
1557,2021-03-12,0.0014834829424252185
1558,2021-03-15,0.007857121897810987
1559,2021-03-16,0.002183482431606488
1560,2021-03-17,-4.772350235605547e-06
1561,2021-03-18,-0.009878720655943031
1562,2021-03-19,-0.010244131447591454
1563,2021-03-22,0.006671036574666441
1564,2021-03-23,-0.0058772110911695105
1565,2021-03-24,-0.009088383608598143
1566,2021-03-25,-0.005769426610786308
1567,2021-03-26,0.01104852156184508
1568,2021-03-29,0.0004875054255180419
1569,2021-03-30,-0.0020551821451442374
1570,2021-03-31,0.0015802065331823418
1571,2021-04-01,0.003401723201119427
1572,2021-04-05,0.00886870002069139
1573,2021-04-06,0.0044894513234949324
1574,2021-04-07,0.0022863722162372604
1575,2021-04-08,0.0031258596676739634
1576,2021-04-09,0.0049238899648369975
1577,2021-04-12,0.0007592564003686968
1578,2021-04-13,-0.0037569408272186923
1579,2021-04-14,-0.0007280730266829846
1580,2021-04-15,0.009293925826811406
1581,2021-04-16,0.005430040800159486
1582,2021-04-19,-0.00159974976748418
1583,2021-04-20,-0.0110661492097488
1584,2021-04-21,0.007613878402412636
1585,2021-04-22,-0.008756067351573164
1586,2021-04-23,0.01163139172974084
1587,2021-04-26,0.003445910820631944
1588,2021-04-27,0.0011932796059676346
1589,2021-04-28,-0.007350693431187019
1590,2021-04-29,0.007329073144973744
1591,2021-04-30,-0.007426056303627412
1592,2021-05-03,0.005499711330728573
1593,2021-05-04,-0.00662138576725246
1594,2021-05-05,0.003996539922045438
1595,2021-05-06,0.010953250648013278
1596,2021-05-07,0.011595344841497034
1597,2021-05-10,-0.009416635465753404
1598,2021-05-11,-0.0065595357687881365
1599,2021-05-12,-0.017109003215705337
1600,2021-05-13,0.010177652647567014
1601,2021-05-14,0.014948756554407878
1602,2021-05-17,-0.0025658240092233785
1603,2021-05-18,-0.006673054792080569
1604,2021-05-19,-0.00637104475572589
1605,2021-05-20,0.007601285093088373
1606,2021-05-21,-0.00039951577789312716
1607,2021-05-24,0.009104139837420706
1608,2021-05-25,-0.0018203330749270558
1609,2021-05-26,0.0035524603363839106
1610,2021-05-27,-0.0019606020807634906
1611,2021-05-28,0.0010494838484883236
1612,2021-06-01,-0.0029829870931756238
1613,2021-06-02,0.001782954039685372
1614,2021-06-03,-0.00033618892664140663
1615,2021-06-04,0.0063470739469385406
1616,2021-06-07,-0.0008444318049836279
1617,2021-06-08,-0.00393020930825596
1618,2021-06-09,0.0009420301721799948
1619,2021-06-10,-0.0026276480541075602
1620,2021-06-11,0.00262750770127453
1621,2021-06-14,0.0018213509077462313
1622,2021-06-15,-0.005062754387589579
1623,2021-06-16,-1.83684756467014e-05
1624,2021-06-17,-0.0023829798949128404
1625,2021-06-18,-0.01358494159384115
1626,2021-06-21,0.013191067824742426
1627,2021-06-22,0.006564523150521839
1628,2021-06-23,0.0013479668348307
1629,2021-06-24,0.006137612126827609
1630,2021-06-25,0.028776915085409242
1631,2021-06-28,0.0017934517546533543
1632,2021-06-29,0.009587383886994445
1633,2021-06-30,0.002689127576555541
1634,2021-07-01,0.0038016431717705114
1635,2021-07-02,0.011266577986939901
1636,2021-07-06,-2.313275300972354e-05
1637,2021-07-07,0.004686390126169456
1638,2021-07-08,-0.007136500264250755
1639,2021-07-09,0.010461345056349257
1640,2021-07-12,0.004075043805179799
1641,2021-07-13,0.0006101548416510835
1642,2021-07-14,0.004992668618284539
1643,2021-07-15,-0.0037875194740864633
1644,2021-07-16,-0.008959801754246644
1645,2021-07-19,-0.015024970810948583
1646,2021-07-20,0.014271728238628476
1647,2021-07-21,0.0072513242213363615
1648,2021-07-22,0.006867118011946901
1649,2021-07-23,0.009043719038756047
1650,2021-07-26,-0.00010049649132458022
1651,2021-07-27,-0.003883152962068022
1652,2021-07-28,-0.001910894518027408
1653,2021-07-29,0.004192676057826778
1654,2021-07-30,-0.001435078884168932
1655,2021-08-02,0.0027186676574430025
1656,2021-08-03,0.008994804309379795
1657,2021-08-04,-0.0022951264484911325
1658,2021-08-05,0.007081407733840365
1659,2021-08-06,0.004083510344756058
1660,2021-08-09,-0.00024318350671839793
1661,2021-08-10,0.002713319029712402
1662,2021-08-11,0.002326026276891329
1663,2021-08-12,0.006128383154816586
1664,2021-08-13,0.00211144301539572
1665,2021-08-16,0.004226711780699808
1666,2021-08-17,-0.0036533504789067477
1667,2021-08-18,-0.011842022352487427
1668,2021-08-19,-0.0008315142298005792
1669,2021-08-20,0.00979455803176902
1670,2021-08-23,0.005560733714592348
1671,2021-08-24,0.000237573224470485
1672,2021-08-25,-0.0005848016533171372
1673,2021-08-26,-0.006423054379259239
1674,2021-08-27,0.005471276432374622
1675,2021-08-30,0.004953689608136529
1676,2021-08-31,-0.004999400583716295
1677,2021-09-01,0.0012487408078703072
1678,2021-09-02,0.0016167662982336795
1679,2021-09-03,-0.0011002596785651044
1680,2021-09-07,-0.00234666554763875
1681,2021-09-08,-0.0064114381913736125
1682,2021-09-09,-0.003854309651796141
1683,2021-09-10,-0.006895620655885326
1684,2021-09-13,-0.0027679024786126417
1685,2021-09-14,-0.004445453027894294
1686,2021-09-15,0.0023087862800635337
1687,2021-09-16,-0.0028945962583698357
1688,2021-09-17,-0.009531971571007844
1689,2021-09-20,-0.015588633347816
1690,2021-09-21,0.0013987027699455055
1691,2021-09-22,0.011114221042713859
1692,2021-09-23,0.008032465731518909
1693,2021-09-24,-0.011601329470233982
1694,2021-09-27,-0.003135901942907705
1695,2021-09-28,-0.01744078704747139
1696,2021-09-29,0.001146521447670359
1697,2021-09-30,-0.009533992978761598
1698,2021-10-01,0.007065192930888453
1699,2021-10-04,-0.010932950718841653
1700,2021-10-05,0.01425247853211168
1701,2021-10-06,0.0039335422293985045
1702,2021-10-07,0.008795476426277168
1703,2021-10-08,0.0009175445826622098
1704,2021-10-11,-0.007294917308523052
1705,2021-10-12,-0.0008366022759697544
1706,2021-10-13,0.0060590380201747404
1707,2021-10-14,0.01076085142562144
1708,2021-10-15,0.011492476639967438
1709,2021-10-18,0.007204914865005352
1710,2021-10-19,0.004746451283166569
1711,2021-10-20,-0.0013078661915611057
1712,2021-10-21,0.005138080699767343
1713,2021-10-22,0.0032091866253693173
1714,2021-10-25,0.000714744926537281
1715,2021-10-26,0.004257811084570975
1716,2021-10-27,0.00015551274088002187
1717,2021-10-28,0.007449094736748154
1718,2021-10-29,0.0031427085878032684
1719,2021-11-01,-0.001127473063496568
1720,2021-11-02,0.010498801010767275
1721,2021-11-03,0.003186385510079494
1722,2021-11-04,-0.0013517728684354817
1723,2021-11-05,0.0009782419689887435
1724,2021-11-08,-0.0059287463639036
1725,2021-11-09,7.538530510436969e-05
1726,2021-11-10,-0.01206108645147454
1727,2021-11-11,-0.00016960440174911668
1728,2021-11-12,0.009660867418150263
1729,2021-11-15,-0.0020313785996471222
1730,2021-11-16,0.003845072854512807
1731,2021-11-17,-0.0023326098911920904
1732,2021-11-18,0.004051727093456448
1733,2021-11-19,0.005584490444442567
1734,2021-11-22,0.0007633571151033765
1735,2021-11-23,0.0032067841367289275
1736,2021-11-24,-0.003440010870466827
1737,2021-11-26,-0.018114872679160284
1738,2021-11-29,0.007469844970844201
1739,2021-11-30,-0.00520685034936257
1740,2021-12-01,-0.0022945936993912404
1741,2021-12-02,0.007145852712631193
1742,2021-12-03,-0.003721513777282477
1743,2021-12-06,0.010494255011659716
1744,2021-12-07,0.01782450872360664
1745,2021-12-08,0.0025753530560372203
1746,2021-12-09,-0.0022563410437897017
1747,2021-12-10,0.006680847093189193
1748,2021-12-13,-0.006906143047757782
1749,2021-12-14,-0.0032041319855666056
1750,2021-12-15,0.007570360955289624
1751,2021-12-16,-0.006043345020991968
1752,2021-12-17,-0.015199096827643773
1753,2021-12-20,-0.013313105685494124
1754,2021-12-21,0.01947271258731031
1755,2021-12-22,0.005807197431720984
1756,2021-12-23,0.0032383782884263415
1757,2021-12-27,0.01210860654350731
1758,2021-12-28,-0.0020750127015764564
1759,2021-12-29,0.0032772210616538898
1760,2021-12-30,-0.003030080024157808
